TRANSACTION ID,PAYMENT TYPE ID
509804,902977991
509807,902977992
509803,902977993
509854,902977991
509805,902977993
509858,902977994
509876,902977992
509904,902977993
509809,902977995
509821,902977991
509918,902977993
509812,902977991
509835,902977996
509817,902977993
509844,902977995
509921,902977994
510335,902977995
509861,902977994
509882,902977997
509939,902977994
509894,902977991
509940,902977996
509955,902977992
509846,902977993
509852,902977994
509985,902977996
509987,902977991
509991,902977995
509860,902977993
510009,902977996
510035,902977996
510061,902977992
510063,902977993
509862,902977995
509898,902977991
510067,902977991
510074,902977993
510087,902977994
509899,902977994
510088,902977997
510100,902977997
509903,902977995
510104,902977993
509916,902977995
510111,902977991
509873,902977993
510125,902977991
509941,902977996
510134,902977992
509947,902977995
510135,902977993
509881,902977995
510139,902977992
510145,902977992
510148,902977996
510152,902977993
510165,902977991
510170,902977993
510171,902977994
509909,902977992
509951,902977995
509924,902977996
510172,902977995
510175,902977994
509926,902977997
510178,902977995
510196,902977991
510197,902977996
510198,902977992
510208,902977994
510209,902977991
510210,902977997
509942,902977991
509952,902977994
510215,902977996
510244,902977995
509958,902977997
509946,902977991
510251,902977994
509974,902977991
509975,902977991
509961,902977991
510283,902977991
510289,902977997
509963,902977994
510298,902977997
509969,902977995
510307,902977992
510309,902977995
509977,902977991
510310,902977997
509981,902977993
513077,902977994
509980,902977991
510344,902977996
510356,902977994
509992,902977993
509997,902977996
510001,902977991
510359,902977996
510360,902977995
510003,902977995
510007,902977994
510382,902977995
509999,902977995
510390,902977994
510409,902977992
510411,902977991
510005,902977997
510415,902977992
510423,902977992
510015,902977992
510431,902977993
510439,902977993
510444,902977993
510028,902977994
510452,902977996
510462,902977991
510465,902977997
510466,902977996
510471,902977993
510483,902977994
510512,902977996
510039,902977994
510528,902977991
510041,902977995
510543,902977996
510544,902977996
510545,902977996
510546,902977995
510565,902977993
510582,902977993
510585,902977992
510030,902977996
510593,902977991
510606,902977991
510607,902977991
510031,902977996
510622,902977995
510638,902977995
510053,902977994
510049,902977991
510651,902977991
510654,902977994
510057,902977991
510050,902977991
510059,902977994
510665,902977996
510054,902977994
510666,902977994
510062,902977991
510066,902977991
510691,902977993
510079,902977996
510695,902977993
510092,902977995
510701,902977991
510077,902977995
510082,902977996
510706,902977994
510123,902977994
510719,902977992
510137,902977991
510733,902977991
510737,902977995
510757,902977992
510761,902977993
510778,902977992
510154,902977993
510157,902977993
510792,902977997
510799,902977991
510803,902977994
510112,902977996
510117,902977992
510811,902977995
510119,902977992
510120,902977996
510126,902977996
510166,902977996
510131,902977996
510831,902977997
510832,902977996
510833,902977991
510842,902977993
510858,902977997
510860,902977997
510143,902977991
510176,902977991
510159,902977992
510866,902977994
510206,902977995
510873,902977992
510185,902977992
510899,902977995
510901,902977991
510188,902977997
510902,902977992
510228,902977994
510906,902977993
510195,902977997
510211,902977993
510712,902977994
510218,902977997
510230,902977994
510910,902977991
510232,902977991
510913,902977993
510915,902977995
510916,902977992
510923,902977996
510940,902977997
510953,902977993
510957,902977997
510238,902977993
510292,902977991
510965,902977993
510253,902977991
510987,902977996
510991,902977993
511007,902977997
511011,902977991
511012,902977996
511014,902977991
511021,902977997
511024,902977994
511027,902977992
510259,902977994
510260,902977995
510261,902977997
510266,902977996
510316,902977997
511032,902977995
510270,902977991
511035,902977991
510273,902977992
511039,902977993
511068,902977993
510318,902977992
510278,902977994
510319,902977997
511076,902977993
511103,902977994
510303,902977994
510336,902977994
511124,902977992
511138,902977994
511140,902977996
510342,902977997
510345,902977997
511147,902977991
510308,902977994
510320,902977996
510350,902977997
511154,902977995
510378,902977997
510323,902977991
511158,902977993
510325,902977991
511172,902977997
511207,902977997
510328,902977992
511224,902977992
511230,902977993
511256,902977993
510330,902977996
511259,902977991
510397,902977995
511267,902977991
511280,902977993
510357,902977991
511310,902977993
511335,902977997
511355,902977991
510416,902977996
511359,902977994
510358,902977996
511380,902977993
510441,902977991
511390,902977994
511404,902977996
510366,902977995
511405,902977995
510374,902977995
510387,902977995
510469,902977996
511409,902977997
511417,902977994
511441,902977997
510470,902977991
511454,902977993
510474,902977993
511491,902977992
511496,902977993
511520,902977991
511524,902977996
511525,902977992
511535,902977993
511542,902977996
511554,902977996
510476,902977992
511562,902977997
511566,902977997
511567,902977997
511572,902977994
510424,902977996
510425,902977991
511573,902977994
511584,902977997
511588,902977992
511593,902977994
510479,902977994
511600,902977994
511602,902977991
511605,902977993
511610,902977992
510498,902977997
510513,902977995
510522,902977994
510526,902977992
510535,902977994
511617,902977991
510433,902977996
511618,902977997
511619,902977995
510537,902977996
511632,902977994
510489,902977994
511643,902977996
511652,902977993
510548,902977992
511655,902977996
510492,902977994
511666,902977997
511668,902977997
511678,902977996
510516,902977992
511707,902977994
511709,902977993
511713,902977991
511719,902977995
511730,902977995
510556,902977991
510520,902977995
511747,902977991
511752,902977997
511753,902977992
511780,902977993
511786,902977995
511803,902977996
510525,902977991
511819,902977993
510533,902977992
510536,902977994
510559,902977994
511829,902977993
510542,902977992
511835,902977991
510561,902977996
511841,902977994
511842,902977994
511851,902977996
511860,902977997
511875,902977994
511877,902977991
510550,902977992
511891,902977996
511905,902977996
511911,902977991
511919,902977994
511928,902977994
511932,902977997
511937,902977994
511951,902977996
511967,902977996
510553,902977996
511982,902977997
511986,902977992
511999,902977997
510577,902977991
510564,902977994
510570,902977995
510574,902977996
512008,902977991
510575,902977996
512011,902977991
510576,902977996
510588,902977997
510592,902977992
512013,902977991
512029,902977995
512039,902977997
512041,902977995
510598,902977995
510599,902977991
512047,902977994
512050,902977993
512053,902977997
510600,902977997
512055,902977995
510601,902977995
512061,902977997
512070,902977996
512081,902977992
510610,902977993
510617,902977996
512083,902977996
512099,902977994
512109,902977994
512113,902977995
510609,902977996
510615,902977991
512125,902977993
510616,902977996
512132,902977995
510619,902977997
512147,902977992
510627,902977991
512151,902977991
512154,902977992
510662,902977997
512172,902977997
512187,902977991
510635,902977993
510664,902977994
510667,902977995
512199,902977994
510636,902977995
512209,902977996
510640,902977995
512212,902977994
510679,902977997
512248,902977991
512250,902977996
512258,902977994
512270,902977992
510649,902977994
510655,902977996
510681,902977997
512279,902977996
512293,902977995
510689,902977991
512309,902977997
512313,902977995
510703,902977992
512319,902977997
512320,902977993
512335,902977994
512376,902977992
512382,902977992
512385,902977997
510728,902977992
510680,902977994
510682,902977997
512417,902977997
512429,902977995
512443,902977992
510685,902977992
510690,902977996
510700,902977996
510751,902977996
512454,902977993
512483,902977993
512485,902977997
510740,902977993
510762,902977993
512488,902977994
510765,902977993
510772,902977991
510783,902977997
510744,902977995
512501,902977997
510784,902977995
510793,902977996
512512,902977997
512523,902977996
512534,902977995
510795,902977992
512535,902977997
512537,902977994
510769,902977997
512569,902977997
512594,902977992
512597,902977995
512614,902977997
512616,902977993
512649,902977993
512664,902977992
512668,902977993
512717,902977993
512734,902977995
510775,902977996
512747,902977997
510863,902977994
512749,902977996
512789,902977997
510881,902977995
512800,902977991
512804,902977992
512809,902977996
512856,902977994
512873,902977996
510885,902977994
510809,902977996
512886,902977992
512906,902977991
512907,902977994
510887,902977992
512909,902977991
512918,902977997
512920,902977992
512925,902977991
512940,902977997
510817,902977993
512968,902977993
510829,902977997
513004,902977993
510843,902977994
510847,902977992
510912,902977992
510851,902977993
513016,902977996
510935,902977995
513020,902977994
510947,902977991
510955,902977997
510956,902977993
510977,902977993
510877,902977996
510980,902977994
510997,902977992
513024,902977995
513037,902977991
511002,902977994
513038,902977992
510878,902977996
513043,902977995
513056,902977991
513063,902977997
513064,902977995
509837,902977994
510891,902977996
513095,902977993
513106,902977997
510917,902977992
513130,902977994
513142,902977993
513144,902977993
513145,902977997
510919,902977995
513146,902977992
513151,902977997
513152,902977996
513153,902977997
513156,902977993
513158,902977993
511006,902977997
511025,902977991
513170,902977992
513199,902977997
513203,902977992
513206,902977994
511038,902977994
513214,902977996
513215,902977995
511040,902977993
511042,902977991
513223,902977996
510926,902977994
511051,902977994
511053,902977997
511054,902977992
510932,902977994
511069,902977993
513227,902977994
511071,902977995
513230,902977997
510972,902977994
513231,902977993
513232,902977994
511080,902977997
513238,902977994
509831,902977991
512206,902977995
510973,902977991
509847,902977991
511085,902977992
509855,902977993
511095,902977992
509864,902977996
511121,902977993
509879,902977996
511123,902977993
509883,902977994
509896,902977991
509906,902977995
510976,902977993
511135,902977997
509914,902977994
509920,902977991
509927,902977997
511155,902977992
509944,902977992
511160,902977993
509950,902977996
509967,902977991
510006,902977993
511161,902977997
510013,902977993
510046,902977992
510065,902977992
510080,902977993
510081,902977994
510093,902977993
510094,902977991
510982,902977994
510992,902977995
510097,902977997
510098,902977997
510132,902977997
510995,902977997
510146,902977995
510150,902977994
511175,902977993
511200,902977997
511210,902977993
510158,902977993
510169,902977997
510186,902977993
510192,902977991
510200,902977993
510207,902977991
511226,902977991
510213,902977997
510217,902977994
510108,902977996
510256,902977994
510257,902977995
510263,902977994
511238,902977995
510996,902977993
510272,902977996
511244,902977997
510279,902977996
510282,902977992
511262,902977995
510284,902977992
510285,902977993
511279,902977993
510287,902977997
510296,902977994
510324,902977993
510347,902977991
510999,902977996
511003,902977991
510355,902977994
510375,902977996
511282,902977994
510383,902977994
510388,902977992
511285,902977992
510401,902977992
510428,902977995
510445,902977993
510450,902977995
510453,902977995
510475,902977996
510494,902977995
511017,902977992
511022,902977992
510501,902977991
510502,902977994
510507,902977995
511029,902977995
510517,902977994
511033,902977992
510518,902977995
510538,902977997
511037,902977992
510549,902977994
510572,902977991
510573,902977997
510596,902977996
510604,902977995
511063,902977995
511291,902977996
511074,902977991
511321,902977995
511327,902977997
510614,902977996
511328,902977995
511330,902977992
510618,902977992
510626,902977996
510650,902977991
510670,902977997
511334,902977995
511075,902977994
510692,902977994
510699,902977995
510702,902977997
510704,902977995
510707,902977996
510741,902977993
510746,902977991
510797,902977992
510820,902977992
510836,902977994
510849,902977997
510862,902977993
510864,902977995
510879,902977996
511082,902977997
510886,902977991
511084,902977991
511346,902977996
510892,902977996
510898,902977997
511351,902977996
511352,902977994
513085,902977994
511418,902977994
510944,902977993
510950,902977991
511377,902977995
511099,902977991
510961,902977994
510968,902977994
510970,902977991
510975,902977997
510979,902977995
511114,902977997
511391,902977996
511133,902977991
511134,902977997
511395,902977997
511136,902977992
510981,902977994
511412,902977996
511044,902977996
511151,902977993
511414,902977997
511065,902977995
511072,902977992
511077,902977994
511079,902977995
511102,902977993
511159,902977991
511105,902977991
511421,902977995
511164,902977997
511106,902977995
511427,902977992
511168,902977995
511108,902977992
511170,902977996
511137,902977991
511143,902977992
511180,902977992
511144,902977997
511181,902977995
511190,902977995
511149,902977995
511435,902977997
511156,902977992
511177,902977993
511188,902977991
511189,902977996
511199,902977993
511436,902977991
511196,902977991
511209,902977996
511211,902977992
511437,902977992
511446,902977994
511455,902977996
511219,902977991
511223,902977992
511232,902977997
511234,902977996
511260,902977996
511263,902977997
511268,902977991
511275,902977993
511322,902977992
511237,902977992
511354,902977995
511456,902977991
511240,902977992
511365,902977994
511469,902977991
511241,902977991
511381,902977991
511384,902977994
511386,902977997
511407,902977992
511416,902977993
511487,902977992
511493,902977991
511498,902977991
511507,902977995
511428,902977996
511471,902977995
511505,902977995
511529,902977995
511541,902977991
511550,902977993
511270,902977996
511509,902977993
511273,902977995
511577,902977992
511527,902977997
511589,902977996
511598,902977994
511537,902977997
511538,902977991
511288,902977992
511603,902977993
511552,902977994
511611,902977994
511289,902977995
511634,902977997
511637,902977994
511638,902977992
511556,902977994
511646,902977997
511582,902977997
511663,902977991
511676,902977994
511685,902977995
511697,902977993
511699,902977992
511712,902977994
511714,902977991
511297,902977992
511299,902977993
511754,902977996
511788,902977996
511789,902977996
511304,902977993
511587,902977994
511808,902977991
511597,902977992
511811,902977995
511813,902977991
511311,902977996
511816,902977995
511822,902977993
511316,902977994
511836,902977994
511844,902977994
511319,902977991
511609,902977996
511845,902977997
511324,902977997
511855,902977991
511856,902977994
511338,902977992
511878,902977994
511880,902977994
511340,902977994
511614,902977995
511916,902977991
511616,902977996
511921,902977996
511943,902977994
511624,902977994
511344,902977996
511947,902977994
511954,902977996
511957,902977991
511965,902977992
511968,902977997
511347,902977993
511348,902977996
511972,902977994
512001,902977994
511360,902977997
511647,902977997
511650,902977994
511368,902977994
511656,902977992
511369,902977992
511659,902977996
511660,902977993
512043,902977997
511370,902977992
511679,902977993
511378,902977991
511689,902977993
512057,902977991
512065,902977991
512087,902977995
512094,902977993
512097,902977997
511379,902977992
512116,902977995
512138,902977992
512142,902977992
511696,902977996
512148,902977996
512185,902977994
511385,902977992
512203,902977993
511009,902977991
512228,902977991
512229,902977993
512251,902977992
512266,902977991
512284,902977996
511399,902977994
512295,902977992
512308,902977996
512316,902977994
511425,902977995
511429,902977991
512341,902977996
511703,902977996
512348,902977997
511711,902977991
512349,902977991
511737,902977993
512366,902977997
512370,902977997
512389,902977992
512401,902977996
512421,902977991
511431,902977997
511739,902977994
511740,902977992
512427,902977996
512434,902977994
512440,902977995
512446,902977991
512447,902977993
512456,902977991
512458,902977991
511434,902977995
512466,902977994
511439,902977995
512476,902977995
511749,902977993
512482,902977995
511447,902977993
512498,902977996
512502,902977995
512522,902977991
512528,902977991
512563,902977994
511761,902977993
511773,902977996
512570,902977995
512574,902977994
512581,902977995
511466,902977994
511776,902977997
512601,902977991
512611,902977992
511482,902977991
512628,902977992
512629,902977996
511779,902977991
512634,902977994
512638,902977996
511794,902977994
511488,902977997
512656,902977997
511489,902977996
511490,902977994
512674,902977992
512682,902977991
511797,902977995
512743,902977993
512751,902977995
511492,902977993
512758,902977997
512771,902977992
512775,902977991
511824,902977995
512791,902977994
512816,902977995
512820,902977992
511826,902977991
511830,902977996
512822,902977993
512831,902977995
510581,902977991
512836,902977995
511510,902977994
512838,902977994
512855,902977996
512871,902977991
511848,902977993
512874,902977994
511850,902977991
512876,902977997
512890,902977993
511857,902977997
512900,902977993
511513,902977996
512902,902977994
512932,902977991
512936,902977992
512948,902977993
512952,902977993
512954,902977997
512959,902977992
512961,902977995
511516,902977991
512971,902977991
512980,902977992
512990,902977993
512994,902977991
511532,902977997
511863,902977997
512998,902977993
511548,902977991
511571,902977993
511882,902977996
513008,902977995
513012,902977995
513018,902977992
511581,902977997
511630,902977996
513023,902977997
513030,902977992
511884,902977994
513047,902977996
511631,902977991
511651,902977996
513057,902977995
513078,902977993
513082,902977994
513093,902977993
511906,902977991
513100,902977995
513116,902977997
513127,902977993
513148,902977991
513154,902977993
513168,902977995
513175,902977991
511654,902977997
513188,902977994
511912,902977991
511658,902977996
511670,902977994
509801,902977994
509806,902977994
511688,902977991
511694,902977991
509808,902977996
509811,902977992
511715,902977993
511718,902977992
509843,902977991
509857,902977997
509859,902977994
509869,902977995
509886,902977993
509913,902977993
509917,902977996
511989,902977992
509928,902977991
509943,902977994
509953,902977993
509957,902977996
509962,902977992
509964,902977996
509995,902977991
511721,902977991
510951,902977996
510000,902977993
511920,902977994
511927,902977992
510008,902977996
511727,902977993
511734,902977992
510017,902977991
510038,902977995
511976,902977997
510043,902977995
510055,902977997
510060,902977995
511994,902977994
510073,902977993
512003,902977996
510083,902977997
510091,902977994
511738,902977995
511755,902977997
510095,902977991
510105,902977995
510194,902977994
512004,902977996
511756,902977996
510109,902977992
510110,902977994
510130,902977992
510136,902977991
510142,902977994
510156,902977995
510167,902977996
510174,902977992
510191,902977996
510193,902977994
510219,902977995
511771,902977994
512014,902977992
510220,902977992
510227,902977992
512015,902977992
510235,902977995
510236,902977995
510240,902977991
510247,902977992
511791,902977997
510248,902977992
511793,902977996
510267,902977992
510276,902977994
511795,902977994
510280,902977992
510290,902977995
510311,902977993
511801,902977997
510315,902977991
510322,902977992
510332,902977991
511804,902977997
510349,902977994
511820,902977993
510352,902977993
510354,902977993
512018,902977991
510361,902977996
510379,902977991
510380,902977997
510386,902977993
510412,902977993
511833,902977992
510436,902977993
510437,902977994
510460,902977994
510464,902977994
510490,902977995
512023,902977994
510509,902977995
510510,902977996
510529,902977992
510531,902977997
510560,902977995
510566,902977994
512028,902977994
512033,902977991
512042,902977991
510567,902977994
512051,902977995
510583,902977996
510590,902977992
510603,902977991
510620,902977992
512075,902977991
512128,902977995
510657,902977997
510672,902977992
512084,902977994
510676,902977992
510698,902977994
510709,902977991
510984,902977996
511862,902977993
511868,902977993
511870,902977994
510713,902977992
511883,902977997
512086,902977991
510726,902977994
510727,902977995
512096,902977992
510735,902977992
511885,902977996
510743,902977992
510745,902977993
510752,902977992
511935,902977994
510753,902977992
510760,902977995
510763,902977994
510770,902977997
510771,902977997
511950,902977993
510780,902977993
510786,902977992
511952,902977991
511973,902977991
512100,902977993
510787,902977995
511977,902977994
510804,902977995
512699,902977995
512106,902977993
511990,902977993
512002,902977997
512110,902977997
512112,902977996
510808,902977997
510825,902977991
510834,902977994
510840,902977993
510865,902977995
510868,902977995
512135,902977997
510897,902977992
510900,902977997
510903,902977992
512012,902977996
510907,902977995
512145,902977993
510924,902977991
510925,902977994
512017,902977993
510937,902977992
510942,902977995
512146,902977992
512024,902977993
510946,902977992
512025,902977995
512026,902977992
511918,902977997
510962,902977991
510738,902977996
512030,902977996
511000,902977993
511018,902977991
511031,902977993
512031,902977994
512153,902977991
511034,902977996
512158,902977993
511048,902977991
512176,902977996
511059,902977991
511066,902977994
512062,902977993
512177,902977997
512064,902977997
511081,902977993
510781,902977996
511089,902977997
512184,902977995
512192,902977993
512194,902977994
512198,902977996
512067,902977994
511098,902977996
511119,902977993
512205,902977994
511120,902977994
511129,902977994
511139,902977996
511141,902977993
512069,902977992
511148,902977996
511153,902977996
511163,902977992
511185,902977993
511191,902977993
512210,902977994
511192,902977995
512217,902977995
511206,902977995
511212,902977993
512092,902977992
512107,902977995
511221,902977995
511227,902977994
512234,902977992
511231,902977993
512235,902977995
511242,902977995
512118,902977997
512244,902977993
512119,902977991
512275,902977994
511250,902977995
511252,902977991
511339,902977991
511253,902977991
512289,902977993
512129,902977995
512133,902977992
511254,902977992
512292,902977996
512297,902977993
512137,902977992
511255,902977994
511258,902977994
512156,902977994
511283,902977997
511287,902977994
511290,902977994
511292,902977997
511294,902977995
511295,902977994
511301,902977991
511303,902977991
511331,902977995
512160,902977997
512330,902977996
512343,902977993
512354,902977996
512363,902977992
512161,902977991
512181,902977991
509818,902977996
511341,902977992
511356,902977995
511357,902977996
511358,902977997
512365,902977994
512387,902977993
512415,902977997
511367,902977997
511373,902977996
511393,902977997
511397,902977992
511400,902977994
511402,902977996
511415,902977996
511438,902977994
512419,902977997
512201,902977995
512233,902977994
512420,902977996
512237,902977997
511464,902977994
511465,902977994
511477,902977993
511485,902977991
511500,902977991
511503,902977997
511511,902977996
511518,902977997
511543,902977996
512239,902977996
511544,902977994
511546,902977992
511560,902977997
511586,902977995
512256,902977996
512423,902977991
511596,902977996
511599,902977997
512450,902977991
511612,902977993
511620,902977995
511622,902977996
512280,902977992
512451,902977994
512459,902977992
512463,902977995
511623,902977992
512291,902977996
511625,902977993
512310,902977993
511626,902977991
512311,902977995
512322,902977995
512323,902977997
511627,902977994
511635,902977996
512328,902977992
512352,902977994
512464,902977996
511640,902977992
511644,902977991
512362,902977997
511653,902977992
512368,902977995
512383,902977994
511667,902977995
511669,902977997
512473,902977992
511675,902977995
512490,902977993
512491,902977992
511680,902977992
511681,902977995
512386,902977992
511684,902977993
511722,902977994
511725,902977995
511728,902977995
511765,902977991
511774,902977997
511777,902977997
512395,902977997
512400,902977993
512495,902977991
511821,902977997
511825,902977997
512497,902977992
509908,902977992
511846,902977991
511865,902977997
511874,902977995
511890,902977991
511894,902977995
512505,902977997
511896,902977992
511909,902977997
511917,902977996
512506,902977997
511926,902977996
512507,902977993
511944,902977992
511958,902977991
512410,902977993
511962,902977995
511975,902977996
511995,902977991
512414,902977996
511998,902977992
512516,902977993
512548,902977992
512005,902977997
512424,902977995
512056,902977993
512063,902977997
512080,902977993
509933,902977995
512108,902977995
512428,902977995
512551,902977996
512555,902977996
512431,902977996
512557,902977997
512122,902977996
512437,902977994
512439,902977993
512124,902977994
512127,902977993
512559,902977997
512144,902977996
512162,902977993
512190,902977994
512582,902977997
512588,902977991
512195,902977994
512211,902977991
512220,902977994
512224,902977993
512225,902977993
512242,902977997
512243,902977997
512442,902977992
512254,902977995
512259,902977994
512287,902977996
512288,902977995
512592,902977995
512305,902977994
512321,902977994
512327,902977992
512339,902977993
512345,902977995
512361,902977993
512364,902977996
512453,902977991
512479,902977994
512372,902977992
512487,902977993
512600,902977997
512379,902977997
512605,902977995
512390,902977997
512411,902977996
512609,902977992
512412,902977996
512416,902977992
512621,902977995
512422,902977994
512623,902977994
512625,902977994
512626,902977996
512430,902977993
512494,902977997
512509,902977991
512480,902977996
512642,902977996
512521,902977996
512643,902977995
512525,902977991
512529,902977997
510920,902977995
512531,902977996
512536,902977997
512538,902977996
512541,902977994
512552,902977992
512560,902977993
512599,902977992
512544,902977992
512554,902977991
512565,902977991
512604,902977991
512612,902977992
512590,902977997
512613,902977995
512619,902977991
512622,902977992
512650,902977995
512637,902977996
512620,902977993
512632,902977996
512657,902977992
512666,902977993
512636,902977996
512641,902977991
512658,902977997
512673,902977991
512667,902977997
512645,902977994
512671,902977997
512655,902977991
512695,902977991
512696,902977997
512675,902977993
512703,902977995
512697,902977996
512663,902977992
512713,902977993
512711,902977993
512715,902977992
512676,902977993
512680,902977995
512684,902977993
512716,902977997
512685,902977996
512723,902977992
512712,902977992
512736,902977996
512688,902977991
512724,902977997
512735,902977995
512700,902977991
512701,902977997
512737,902977996
512752,902977994
512756,902977993
512762,902977993
512740,902977992
512741,902977992
512745,902977997
512753,902977992
512760,902977995
512776,902977993
512781,902977997
512738,902977997
512767,902977995
512784,902977994
512773,902977991
512787,902977997
512811,902977994
512813,902977993
512824,902977994
512744,902977992
512788,902977997
512799,902977991
512825,902977995
512777,902977993
512830,902977995
512779,902977997
512832,902977994
512826,902977991
512785,902977994
512834,902977997
512835,902977997
512858,902977992
512885,902977996
512888,902977994
512898,902977994
512922,902977991
512839,902977995
512942,902977995
512846,902977993
512786,902977993
512848,902977991
512949,902977996
512790,902977995
512950,902977997
512993,902977996
512995,902977992
512793,902977993
512997,902977991
513003,902977994
513009,902977996
512857,902977992
513019,902977995
513049,902977994
513052,902977994
512794,902977991
513055,902977993
513071,902977997
512863,902977997
513072,902977994
512866,902977991
513080,902977994
513089,902977995
512875,902977996
512819,902977994
512881,902977995
512823,902977996
513090,902977993
513091,902977994
513094,902977996
512933,902977997
513108,902977996
512843,902977992
512864,902977994
513115,902977993
512865,902977992
513118,902977991
512937,902977995
512943,902977994
512880,902977993
513126,902977997
512957,902977997
512965,902977993
512989,902977992
512892,902977994
513027,902977992
513033,902977996
512917,902977997
512929,902977993
512951,902977992
513136,902977991
513053,902977995
512955,902977994
513137,902977993
513186,902977994
513190,902977995
512956,902977993
513058,902977992
512958,902977991
513067,902977997
512983,902977991
513201,902977994
513212,902977996
513218,902977997
513226,902977992
513068,902977994
513243,902977991
513001,902977994
513005,902977992
513248,902977993
513254,902977995
509816,902977994
509822,902977993
509823,902977995
513015,902977996
509833,902977996
509849,902977995
509867,902977994
513075,902977997
513021,902977996
509868,902977993
513034,902977996
509872,902977992
509884,902977996
509895,902977994
509915,902977995
513044,902977995
513054,902977997
509919,902977991
509922,902977996
509931,902977993
509948,902977996
513098,902977991
509965,902977997
513102,902977992
511265,902977991
513087,902977993
509966,902977995
513103,902977994
513109,902977996
513114,902977995
513121,902977995
513123,902977994
509983,902977993
513124,902977997
513131,902977997
509984,902977993
509996,902977995
510023,902977994
510026,902977997
513139,902977996
510037,902977992
510051,902977997
510058,902977991
510069,902977995
510072,902977993
510096,902977994
510103,902977997
513149,902977997
513155,902977991
510113,902977995
513169,902977993
513125,902977993
510140,902977997
513171,902977996
513128,902977994
513129,902977993
510161,902977991
513143,902977997
510179,902977996
510184,902977996
513161,902977997
510229,902977994
513176,902977993
510234,902977995
510255,902977993
510275,902977992
510277,902977995
510286,902977996
513179,902977996
513184,902977997
510288,902977995
510293,902977996
513204,902977997
513210,902977994
513196,902977995
513197,902977991
510302,902977992
513198,902977992
513228,902977995
513252,902977993
510306,902977991
510317,902977996
510333,902977992
510343,902977995
510351,902977993
510364,902977991
510392,902977991
510394,902977994
510396,902977991
513217,902977992
510403,902977991
510419,902977994
513255,902977991
509810,902977994
513220,902977997
510422,902977992
509813,902977995
509815,902977995
510427,902977992
509968,902977994
510448,902977997
510456,902977993
510463,902977991
510477,902977996
510482,902977994
510484,902977997
509819,902977991
510495,902977996
510508,902977991
510511,902977996
509839,902977992
510524,902977991
513229,902977994
510527,902977996
510547,902977993
510552,902977997
510557,902977992
513233,902977992
510558,902977994
510563,902977995
510568,902977995
510579,902977997
513234,902977994
509842,902977995
509814,902977995
510584,902977995
510594,902977991
510595,902977996
509848,902977991
510597,902977995
510629,902977994
510630,902977995
509850,902977991
509824,902977996
510631,902977991
510644,902977994
510645,902977997
510659,902977996
509874,902977992
510669,902977997
510686,902977995
510693,902977991
511746,902977995
510731,902977993
510747,902977997
509825,902977993
510785,902977992
509834,902977995
509865,902977991
509878,902977997
509877,902977994
510790,902977995
510791,902977997
510794,902977997
510801,902977991
509885,902977993
510806,902977995
509887,902977995
510816,902977992
510828,902977996
510841,902977993
510853,902977997
510867,902977994
510869,902977992
510870,902977991
509902,902977995
510876,902977992
511088,902977995
510888,902977995
510893,902977996
510894,902977994
509880,902977993
509890,902977996
510904,902977993
510911,902977994
510927,902977991
510928,902977991
510931,902977993
510938,902977991
510943,902977994
510945,902977992
510949,902977991
510952,902977997
509934,902977994
510960,902977997
510964,902977993
510966,902977992
510969,902977991
509938,902977993
510971,902977994
510978,902977995
509945,902977992
509892,902977993
510988,902977991
510990,902977991
509897,902977996
510994,902977993
509959,902977991
509905,902977993
509912,902977993
509970,902977992
509989,902977995
509994,902977991
511735,902977995
511015,902977993
510002,902977993
511050,902977994
511060,902977993
511062,902977992
511067,902977995
511097,902977997
509949,902977991
511118,902977994
509954,902977995
511126,902977993
509956,902977992
511130,902977991
511150,902977992
510004,902977991
511167,902977997
510018,902977991
511171,902977993
511183,902977995
510029,902977992
511193,902977996
511194,902977992
511205,902977995
511215,902977994
511229,902977993
509978,902977995
510034,902977997
509979,902977991
510036,902977997
509988,902977992
509990,902977993
510016,902977996
511239,902977997
510040,902977993
511245,902977992
511261,902977992
511266,902977993
510044,902977992
510032,902977995
510052,902977996
510071,902977995
510084,902977997
511272,902977996
510045,902977993
511307,902977992
511312,902977994
511314,902977994
510056,902977992
510085,902977995
511317,902977995
511364,902977992
511375,902977993
510068,902977992
510075,902977997
511383,902977992
510086,902977992
511392,902977995
511394,902977992
510090,902977991
511422,902977997
510106,902977991
510107,902977991
511424,902977997
511442,902977992
510101,902977994
511497,902977991
510118,902977995
511517,902977995
511523,902977996
510128,902977994
510133,902977994
510121,902977996
510155,902977992
511526,902977991
510144,902977996
510180,902977991
510151,902977995
510153,902977993
510189,902977991
510181,902977997
511530,902977991
510182,902977996
510183,902977996
510187,902977991
511547,902977995
511559,902977997
511406,902977995
511561,902977991
510199,902977992
511575,902977995
511585,902977996
511590,902977996
510205,902977995
510224,902977992
511595,902977993
511628,902977997
510237,902977997
510201,902977997
510212,902977996
511636,902977995
510216,902977992
511641,902977995
511645,902977994
510239,902977995
511665,902977991
511683,902977995
511687,902977997
511748,902977991
510242,902977991
511750,902977995
510221,902977997
511757,902977991
511758,902977991
510225,902977991
511762,902977994
510226,902977991
510254,902977996
511792,902977991
510245,902977997
511802,902977993
511807,902977995
511812,902977995
511839,902977994
511843,902977992
510252,902977991
511847,902977992
511853,902977991
510258,902977993
510265,902977995
511854,902977996
510271,902977994
510268,902977997
510281,902977993
511871,902977991
510269,902977997
511879,902977995
510274,902977992
510304,902977993
510314,902977995
509998,902977994
511889,902977993
510321,902977997
511901,902977992
511904,902977991
511942,902977994
511946,902977991
510294,902977997
511960,902977994
511961,902977996
511980,902977994
511985,902977992
511993,902977993
512020,902977994
512038,902977995
512046,902977995
512058,902977993
512059,902977993
510329,902977991
512073,902977997
512090,902977993
512093,902977996
510297,902977997
512103,902977996
510326,902977991
510369,902977991
512114,902977993
512120,902977994
510327,902977996
512121,902977993
510331,902977997
510373,902977993
512140,902977992
512141,902977997
512166,902977992
510385,902977992
510334,902977995
512169,902977995
510417,902977996
512179,902977993
512193,902977991
512197,902977997
512202,902977994
512204,902977996
512207,902977992
512219,902977995
510363,902977996
510367,902977995
510370,902977996
512221,902977991
512230,902977993
512238,902977992
512257,902977991
512261,902977991
512262,902977991
510371,902977991
510421,902977994
512269,902977996
512272,902977991
510372,902977992
510454,902977993
510376,902977991
512283,902977996
512290,902977996
510381,902977991
512300,902977995
510455,902977997
512326,902977994
510485,902977993
512336,902977997
512342,902977992
512356,902977994
512358,902977993
512369,902977991
510487,902977992
512381,902977996
512394,902977994
512403,902977992
512405,902977992
510389,902977992
510391,902977991
510515,902977996
510393,902977997
510532,902977994
510398,902977996
512408,902977991
510534,902977997
512435,902977995
512445,902977993
512496,902977994
510541,902977996
512503,902977992
512514,902977994
510402,902977993
512524,902977995
512527,902977992
512540,902977995
512542,902977996
512571,902977993
512572,902977997
510404,902977992
512576,902977996
512606,902977995
512618,902977993
510408,902977997
510426,902977991
510551,902977992
512627,902977994
510440,902977992
512630,902977992
510443,902977997
510554,902977996
510446,902977994
510562,902977996
512635,902977994
512660,902977991
510449,902977996
512661,902977993
510458,902977991
512669,902977994
510569,902977992
510578,902977992
512677,902977996
512687,902977993
512698,902977994
510461,902977995
511887,902977995
510580,902977992
512702,902977992
510486,902977997
512709,902977996
512726,902977992
512728,902977992
510586,902977995
510488,902977996
512733,902977991
512774,902977992
512807,902977996
512808,902977997
512810,902977995
512812,902977991
512818,902977991
512827,902977994
512828,902977995
512840,902977995
512852,902977992
510491,902977993
510589,902977997
510608,902977996
512854,902977994
510621,902977991
512867,902977994
512868,902977991
512872,902977997
512877,902977997
512883,902977991
512884,902977991
510646,902977997
512895,902977992
512897,902977992
512927,902977996
510497,902977991
512945,902977991
512962,902977992
512963,902977991
512969,902977993
512974,902977992
512975,902977995
512976,902977994
510519,902977996
512979,902977997
510652,902977996
512981,902977997
512991,902977991
510539,902977992
510658,902977995
510661,902977996
513013,902977991
513035,902977993
510668,902977997
513046,902977993
513061,902977991
510674,902977996
513081,902977994
513117,902977991
513119,902977995
510591,902977997
510675,902977995
510678,902977991
513135,902977997
513147,902977997
513150,902977997
510612,902977996
513157,902977996
510625,902977997
513160,902977996
513163,902977995
513177,902977991
513185,902977995
513189,902977991
510683,902977993
510641,902977996
510643,902977995
513193,902977997
510687,902977994
510696,902977996
513208,902977993
513209,902977996
510711,902977996
513237,902977993
510715,902977991
513239,902977993
510653,902977996
510684,902977991
513247,902977996
510716,902977994
510688,902977996
509820,902977992
509826,902977992
510922,902977997
509827,902977992
510718,902977992
510633,902977997
510759,902977994
510766,902977994
509830,902977992
510720,902977993
509838,902977993
510768,902977994
510789,902977991
509840,902977991
510722,902977995
510800,902977997
509851,902977993
509863,902977997
509866,902977993
509871,902977993
509875,902977994
509888,902977994
509891,902977995
510729,902977991
509893,902977993
509900,902977994
510814,902977997
509901,902977997
509911,902977991
510818,902977993
509923,902977993
509925,902977997
510730,902977997
509929,902977993
510223,902977995
510742,902977991
509937,902977997
509960,902977994
510705,902977997
509971,902977996
509972,902977997
509976,902977991
509982,902977995
510823,902977992
510011,902977997
510824,902977995
510012,902977992
510019,902977997
510830,902977994
510020,902977997
510846,902977991
510021,902977994
510022,902977993
510025,902977997
510027,902977994
510850,902977994
510750,902977996
510854,902977991
510756,902977997
510779,902977995
510798,902977994
510064,902977996
510070,902977991
510815,902977993
510078,902977997
510819,902977997
510102,902977993
510827,902977996
510114,902977992
510115,902977997
510835,902977997
510129,902977997
510138,902977995
510855,902977995
510141,902977991
510147,902977995
510871,902977994
510845,902977993
510755,902977996
510890,902977997
510163,902977993
510874,902977995
510164,902977992
510173,902977996
510202,902977996
510896,902977993
510203,902977994
510875,902977996
510908,902977991
510222,902977993
510231,902977992
510895,902977995
511187,902977997
510909,902977997
510233,902977991
510241,902977992
510930,902977992
510243,902977992
510246,902977997
510941,902977994
510974,902977991
510250,902977997
510262,902977994
510264,902977995
510291,902977991
510295,902977996
510299,902977992
510300,902977995
510301,902977997
510986,902977995
511001,902977996
510305,902977994
510954,902977993
510313,902977993
511004,902977992
510958,902977991
510963,902977994
510340,902977994
511026,902977996
510346,902977993
510967,902977995
510348,902977993
510365,902977993
510368,902977993
511005,902977992
510377,902977993
511013,902977994
511019,902977991
510395,902977994
510405,902977994
510406,902977997
510407,902977996
510410,902977995
511028,902977994
511046,902977993
510413,902977992
510414,902977993
511045,902977995
510420,902977991
511052,902977996
511047,902977994
511055,902977996
511091,902977997
510430,902977995
510434,902977991
510435,902977994
511058,902977994
510451,902977996
511078,902977997
510478,902977996
510481,902977991
511083,902977992
510959,902977994
510499,902977996
511090,902977992
510500,902977994
510503,902977995
511094,902977996
511110,902977997
511111,902977991
510505,902977997
511092,902977994
511096,902977991
510506,902977994
511112,902977993
511113,902977997
510521,902977996
511109,902977996
510523,902977991
510530,902977995
512833,902977994
510587,902977993
511115,902977996
511122,902977996
510602,902977996
511132,902977995
510611,902977996
511152,902977992
510613,902977992
511087,902977996
510623,902977997
511184,902977992
511146,902977991
510624,902977995
510632,902977995
510634,902977992
511186,902977997
510637,902977991
510642,902977991
511228,902977996
510660,902977997
511203,902977996
510663,902977994
510671,902977997
511166,902977995
511169,902977991
511204,902977996
511214,902977993
511216,902977995
511173,902977993
510673,902977996
510677,902977993
510694,902977996
510708,902977993
511225,902977995
510717,902977997
510725,902977995
510732,902977991
510736,902977992
510748,902977995
510764,902977995
510767,902977991
511174,902977991
510777,902977993
511178,902977995
511235,902977994
511236,902977995
510493,902977996
511198,902977994
510805,902977996
511361,902977996
510810,902977992
510837,902977994
510848,902977994
510857,902977991
511248,902977991
510872,902977995
511257,902977992
510883,902977992
510884,902977997
511271,902977992
510889,902977993
510914,902977994
509829,902977991
511249,902977996
510921,902977994
511274,902977994
511296,902977997
510929,902977993
510934,902977997
510936,902977992
511276,902977997
510983,902977993
510985,902977992
510993,902977991
511016,902977995
511020,902977997
511049,902977995
511061,902977996
511073,902977997
511100,902977997
511101,902977996
511107,902977993
511116,902977992
511284,902977992
511300,902977995
511286,902977994
511117,902977994
511293,902977992
511305,902977993
511128,902977994
511306,902977991
511313,902977994
511323,902977992
511165,902977993
511179,902977991
511309,902977994
511325,902977992
511182,902977995
511202,902977997
511342,902977995
511208,902977991
511315,902977993
511345,902977994
511213,902977993
511217,902977997
511218,902977991
511320,902977992
511350,902977993
511222,902977992
511243,902977991
511264,902977993
510214,902977993
510933,902977997
511326,902977997
511363,902977993
511298,902977993
511372,902977996
511302,902977991
511333,902977996
511371,902977992
511332,902977992
511336,902977995
511337,902977992
511396,902977996
511401,902977994
511374,902977994
511410,902977991
511376,902977997
511449,902977995
511451,902977994
511452,902977991
511457,902977991
511387,902977992
511389,902977996
512101,902977991
511388,902977993
511458,902977992
511460,902977993
511408,902977993
511411,902977992
511403,902977992
511413,902977991
511463,902977996
511420,902977996
512500,902977997
511472,902977995
511476,902977992
511423,902977994
511426,902977994
511478,902977992
511479,902977993
511481,902977994
511499,902977991
511432,902977997
511430,902977996
511504,902977991
511539,902977991
511440,902977993
511540,902977995
511557,902977992
511563,902977993
511433,902977992
511445,902977992
511453,902977993
511444,902977994
511568,902977992
511570,902977991
511480,902977994
511580,902977991
511448,902977993
511514,902977993
511594,902977997
511519,902977997
511462,902977995
511601,902977993
511467,902977997
511613,902977997
511474,902977994
511531,902977997
511621,902977997
511629,902977991
511553,902977994
511649,902977995
511475,902977993
511483,902977991
511576,902977995
511662,902977997
511583,902977991
511695,902977991
511717,902977995
511726,902977992
511731,902977996
511743,902977993
511592,902977995
511768,902977992
511769,902977994
511604,902977993
511484,902977995
511486,902977997
511772,902977995
511775,902977994
511606,902977996
511782,902977993
511506,902977994
511784,902977996
511607,902977996
511805,902977994
511608,902977997
511806,902977995
511814,902977993
511657,902977995
511817,902977995
511672,902977995
511818,902977991
511859,902977991
511864,902977994
511867,902977994
511674,902977991
511869,902977994
511893,902977996
511690,902977993
511897,902977996
511899,902977997
511512,902977992
511692,902977991
511521,902977997
511900,902977997
511903,902977997
511924,902977991
511528,902977992
511533,902977993
511930,902977993
511934,902977994
511534,902977993
511693,902977993
511701,902977993
511706,902977991
511938,902977992
511710,902977997
511939,902977995
511945,902977996
511716,902977994
511536,902977996
511955,902977994
511964,902977996
511970,902977992
511551,902977991
511729,902977995
512511,902977995
511741,902977992
511979,902977993
511555,902977993
511759,902977995
511992,902977997
511766,902977991
511997,902977995
512009,902977993
512016,902977992
511781,902977996
512022,902977997
511558,902977997
511565,902977994
511569,902977991
511787,902977992
512027,902977993
511800,902977994
512032,902977995
512035,902977996
512037,902977993
511591,902977992
512040,902977991
511642,902977996
512044,902977997
511661,902977995
511664,902977994
511677,902977991
512052,902977996
511827,902977994
512085,902977996
512091,902977994
512105,902977997
511682,902977995
512117,902977991
511691,902977996
511837,902977993
512126,902977991
512130,902977993
512150,902977991
511840,902977996
511858,902977992
512155,902977994
511700,902977992
512157,902977992
512163,902977995
512164,902977997
512168,902977992
511876,902977991
511888,902977991
512175,902977992
511892,902977997
511702,902977992
511704,902977995
512182,902977992
512227,902977994
511908,902977992
511723,902977993
512232,902977993
511724,902977992
512236,902977993
511913,902977991
511732,902977996
512240,902977993
512245,902977994
512252,902977993
512263,902977993
511733,902977996
511742,902977994
511744,902977997
512267,902977997
511915,902977997
511745,902977994
511922,902977997
512268,902977993
512271,902977991
512276,902977996
512298,902977991
510160,902977996
512299,902977995
512302,902977995
511923,902977996
512307,902977995
512318,902977992
512332,902977997
512355,902977992
512378,902977996
512384,902977991
512399,902977992
512404,902977993
512406,902977997
512409,902977997
512418,902977995
511929,902977993
512449,902977992
512468,902977991
512469,902977995
512470,902977996
512472,902977996
512475,902977994
511949,902977993
512484,902977997
512504,902977994
511959,902977994
512520,902977992
511751,902977994
511978,902977997
510882,902977997
512526,902977996
512532,902977992
511763,902977997
512533,902977991
511981,902977991
511778,902977995
512546,902977992
511984,902977995
512006,902977992
511790,902977991
512007,902977997
511799,902977996
512547,902977996
511809,902977996
512567,902977992
511832,902977992
511838,902977996
512579,902977996
511849,902977995
512010,902977995
512021,902977995
512580,902977997
511861,902977992
512589,902977995
512595,902977991
512602,902977993
512608,902977996
512034,902977994
512639,902977995
512045,902977997
512640,902977991
512644,902977994
512048,902977997
512647,902977995
512654,902977993
512662,902977994
511866,902977994
512679,902977996
512074,902977997
512683,902977995
511881,902977992
511886,902977993
511895,902977992
512689,902977996
512076,902977997
511902,902977991
511907,902977995
512095,902977996
512692,902977992
512704,902977996
511910,902977991
512705,902977994
511914,902977992
512706,902977996
511931,902977991
512718,902977991
512720,902977996
511936,902977997
512725,902977994
511948,902977996
512727,902977995
512729,902977997
512730,902977996
511963,902977995
512742,902977996
512750,902977994
512754,902977996
512763,902977994
512764,902977995
511971,902977997
512770,902977991
512098,902977991
512772,902977991
512104,902977997
512111,902977994
511988,902977997
512782,902977996
511996,902977993
512792,902977992
512054,902977997
512077,902977996
512801,902977995
512803,902977996
512805,902977997
512837,902977993
512078,902977997
512115,902977996
512844,902977991
512845,902977994
512850,902977997
512152,902977997
512851,902977995
512860,902977996
512861,902977996
512870,902977993
512159,902977996
512079,902977997
512082,902977996
512893,902977997
512180,902977997
512905,902977994
512912,902977991
512089,902977994
512923,902977996
512131,902977991
512928,902977995
512134,902977991
512139,902977994
512946,902977993
512186,902977994
512964,902977994
512967,902977992
512143,902977995
512970,902977994
512973,902977997
512982,902977992
513017,902977997
512191,902977994
513032,902977993
512165,902977997
513036,902977993
512167,902977991
513040,902977996
513042,902977994
513045,902977991
512170,902977993
513050,902977997
513059,902977997
513060,902977992
513065,902977995
512213,902977995
513069,902977994
512173,902977994
513070,902977992
512214,902977996
513073,902977992
513076,902977992
513079,902977994
512218,902977996
512231,902977991
512246,902977993
513083,902977991
512249,902977994
513097,902977992
512178,902977994
513099,902977992
513104,902977994
512274,902977995
513107,902977997
512183,902977993
512196,902977995
513120,902977994
513134,902977993
513164,902977992
512278,902977991
512285,902977994
513181,902977996
512200,902977991
513192,902977993
513202,902977997
513205,902977991
512296,902977992
512208,902977992
513207,902977991
512303,902977997
512215,902977994
512216,902977993
513211,902977993
513213,902977995
513219,902977994
513236,902977994
513250,902977997
509802,902977991
512312,902977995
509828,902977991
509832,902977997
512223,902977996
509836,902977992
512253,902977992
509841,902977995
509845,902977994
509853,902977992
509856,902977992
509870,902977994
509889,902977992
512317,902977994
512324,902977996
509907,902977994
511760,902977995
512255,902977994
509910,902977991
509930,902977997
512329,902977992
512331,902977993
509932,902977993
509935,902977991
509936,902977995
509973,902977993
512334,902977997
509986,902977994
509993,902977997
510010,902977997
512338,902977991
510014,902977997
510024,902977997
510033,902977991
512260,902977992
510042,902977993
510047,902977994
510048,902977992
512273,902977995
512344,902977995
510076,902977993
512351,902977997
510089,902977996
512353,902977996
512277,902977993
510099,902977995
510116,902977997
510122,902977997
510124,902977991
512281,902977991
510127,902977994
510149,902977991
510162,902977995
510168,902977995
510177,902977996
512282,902977991
510190,902977991
510204,902977993
510249,902977992
512286,902977997
512357,902977992
512301,902977993
510312,902977996
510337,902977995
510338,902977995
510339,902977991
510341,902977997
512304,902977997
512306,902977992
510353,902977995
512360,902977992
510362,902977993
512315,902977997
510384,902977992
510399,902977991
512325,902977993
512333,902977995
512337,902977992
510400,902977994
512347,902977995
510418,902977996
512371,902977993
510429,902977993
510432,902977992
512359,902977992
510438,902977992
510442,902977992
510447,902977994
512375,902977992
510457,902977993
510459,902977996
510467,902977997
510468,902977991
510472,902977995
510473,902977991
510480,902977996
512377,902977997
512391,902977994
510496,902977995
510504,902977991
510514,902977993
512367,902977996
510540,902977997
512373,902977997
510555,902977996
512374,902977993
510571,902977994
510605,902977997
512397,902977992
510628,902977997
510639,902977995
512388,902977996
510647,902977993
510648,902977992
510656,902977994
510697,902977991
512402,902977997
512407,902977991
510710,902977996
510714,902977993
510721,902977991
512425,902977996
510723,902977997
510724,902977996
512426,902977993
512393,902977991
510734,902977991
510739,902977996
512438,902977993
512413,902977996
512444,902977995
512448,902977992
510749,902977996
510754,902977995
510758,902977993
510773,902977995
510774,902977992
510776,902977992
510782,902977996
512455,902977997
510788,902977996
512432,902977991
510796,902977997
510802,902977992
512467,902977993
512474,902977993
512436,902977997
512441,902977995
512478,902977994
510807,902977993
510812,902977992
512452,902977996
510813,902977994
510821,902977994
510822,902977997
510826,902977992
510838,902977992
512486,902977997
510839,902977992
510844,902977991
510852,902977993
512461,902977991
512465,902977997
512489,902977991
510856,902977994
510859,902977994
510861,902977996
510880,902977994
510905,902977993
512471,902977995
510918,902977993
512481,902977993
510939,902977992
510948,902977994
512510,902977991
511162,902977996
510989,902977995
510998,902977991
512543,902977993
511008,902977992
511010,902977995
512545,902977994
511023,902977996
511030,902977997
511036,902977991
512561,902977993
511041,902977995
511043,902977996
511056,902977995
511057,902977993
511064,902977995
511070,902977997
512499,902977993
512519,902977995
511086,902977991
512550,902977991
512553,902977997
512556,902977993
512566,902977994
512562,902977991
511093,902977996
512564,902977995
511104,902977992
512573,902977992
511125,902977993
511127,902977992
512568,902977992
511131,902977991
511142,902977995
511145,902977994
511157,902977995
512586,902977994
512575,902977993
511176,902977994
511195,902977992
512578,902977992
511197,902977991
511201,902977996
511220,902977997
512584,902977995
512587,902977994
511233,902977996
511246,902977996
512591,902977992
511247,902977992
512593,902977995
512617,902977992
511251,902977992
511269,902977991
512596,902977994
511277,902977992
511278,902977997
511281,902977997
512598,902977996
511308,902977992
512686,902977995
511318,902977992
512603,902977997
512615,902977995
512693,902977993
512631,902977997
511329,902977991
511343,902977994
511349,902977994
511353,902977994
511362,902977992
511366,902977997
512707,902977991
512648,902977997
511382,902977995
511398,902977994
511419,902977996
511443,902977993
511450,902977997
512652,902977995
511459,902977994
511461,902977991
511468,902977995
511470,902977997
511473,902977993
511494,902977995
511495,902977991
511501,902977997
511502,902977995
511508,902977991
512653,902977994
512665,902977994
512678,902977991
512690,902977996
512710,902977994
511515,902977996
512719,902977997
511522,902977991
511545,902977992
511549,902977992
511564,902977997
511574,902977994
511578,902977994
512731,902977993
511579,902977996
511615,902977991
511633,902977994
512732,902977994
512708,902977991
512722,902977993
511639,902977991
511648,902977991
512795,902977991
512739,902977997
512797,902977997
511671,902977992
511673,902977995
512802,902977993
512821,902977996
511686,902977996
511698,902977992
511705,902977995
512829,902977996
511708,902977996
511720,902977997
511736,902977993
511764,902977997
511767,902977995
512847,902977994
512748,902977994
511770,902977991
511783,902977994
512859,902977992
512757,902977996
512759,902977992
512761,902977991
512778,902977992
511785,902977993
512869,902977995
511796,902977993
512806,902977994
512879,902977995
511798,902977991
511810,902977997
511815,902977997
511823,902977995
512814,902977993
511828,902977997
512815,902977994
511831,902977992
511834,902977995
512887,902977996
511852,902977995
511872,902977993
511873,902977996
512842,902977996
511898,902977992
511925,902977992
511933,902977997
511940,902977997
512849,902977996
512889,902977994
511941,902977997
511953,902977994
511956,902977992
512862,902977994
511966,902977994
511969,902977996
511974,902977996
512896,902977993
511983,902977993
511987,902977996
511991,902977993
512910,902977997
512911,902977997
512913,902977992
512000,902977993
512019,902977991
512036,902977993
512049,902977997
512060,902977997
512066,902977991
512914,902977997
512068,902977996
512071,902977993
512072,902977991
512088,902977994
512102,902977992
512123,902977994
512136,902977994
512149,902977997
512899,902977992
512903,902977997
512919,902977992
512924,902977996
512171,902977995
512174,902977993
512188,902977991
512189,902977996
512915,902977996
512222,902977991
512226,902977992
512241,902977991
512938,902977994
512247,902977993
512916,902977994
512264,902977997
512265,902977993
512294,902977995
512921,902977997
512941,902977996
512314,902977996
512947,902977992
512340,902977993
512346,902977995
512350,902977995
512966,902977994
512380,902977991
512972,902977996
512984,902977993
512392,902977994
512930,902977993
512396,902977996
512398,902977993
512433,902977993
512457,902977994
512460,902977993
512462,902977996
512944,902977995
512985,902977992
512953,902977993
512987,902977991
512996,902977994
512477,902977997
512492,902977993
513000,902977996
513006,902977993
512493,902977992
512986,902977997
512508,902977997
513002,902977993
512513,902977991
512515,902977997
512517,902977991
512518,902977993
513022,902977995
513007,902977996
512530,902977996
512539,902977995
512549,902977997
513026,902977997
512558,902977995
512577,902977993
512583,902977992
512585,902977995
512607,902977996
513010,902977997
512610,902977995
512624,902977997
512633,902977991
512646,902977993
512651,902977992
513011,902977994
512659,902977991
512670,902977996
512672,902977993
513025,902977995
512681,902977993
513028,902977995
513029,902977993
512691,902977997
512694,902977991
513031,902977992
513062,902977994
513084,902977991
512714,902977991
513086,902977996
512721,902977997
513096,902977997
513105,902977997
513039,902977996
512746,902977996
512755,902977997
513111,902977992
512765,902977991
512766,902977991
513112,902977997
512768,902977996
512769,902977991
512780,902977994
512783,902977995
513122,902977994
512796,902977992
512798,902977991
513041,902977993
512817,902977994
512841,902977993
512853,902977992
513048,902977993
512878,902977991
512882,902977996
513133,902977994
513066,902977994
513159,902977996
513165,902977995
513166,902977993
512891,902977991
512894,902977996
512901,902977995
512904,902977992
512908,902977993
513092,902977991
512926,902977996
512931,902977996
512934,902977996
512935,902977997
512939,902977995
513138,902977994
512960,902977992
512977,902977995
512978,902977994
512988,902977996
512992,902977994
512999,902977995
513162,902977997
513014,902977993
513051,902977995
513173,902977996
513167,902977997
513187,902977991
513074,902977996
513172,902977991
513088,902977997
513101,902977994
513110,902977995
513194,902977992
513191,902977992
513113,902977993
513132,902977996
513140,902977996
513195,902977995
513222,902977997
513221,902977992
513141,902977991
513174,902977996
513178,902977991
513180,902977996
513240,902977994
513224,902977994
513182,902977997
513183,902977996
513244,902977994
513200,902977996
513235,902977991
513216,902977992
513225,902977991
513242,902977993
513245,902977992
513251,902977997
513241,902977993
513249,902977992
513253,902977996
513246,902977996
